,Basic Test,Category test,Bckwrd_ftur_elm,Bckwrd_ftur_elm_category,RFE,Peason correlation,VIF,LASSO,ELASTICNET
RSquared,0.8693984830094948,0.9144762820887088,0.8433348357207215,0.8577862027599334,0.7032367446240679,0.666114228976753,0.6057252826838816,0.6017449730831175,0.7207006963873153
rmae,3.0825337984723964,5.492707498932566,1.699166292196138,1.4454731438864425,4.106964246322475,4.324547942968884,4.26631734700356,4.453856469738274,3.774102808342351
rmse,4.345747539873112,7.547943511218333,1.949659299153119,1.660340962205705,4.648882716560309,4.93108492617153,5.358496989897015,5.385476804866174,4.510019846389563
Mape_mean,17.060901007471287,31.806372104231734,9.132562889200859,8.202382606868802,19.496815880608416,19.908666083982926,17.224771099295886,19.03614173215353,17.44552841920203
Mape_median,12.775253024659408,26.430572274059763,9.702806670397027,6.67513130591069,19.94330543884071,21.941381853305963,18.384107006641614,18.71294452181241,16.90580314404408
